act_name,city,state
Dave Smith Motors,Kellogg,ID
Fletcher Jones Motorcars,Newport Beach,CA
Braman Motorcars,West Palm Beach,FL
"Classic Chevrolet, Inc.",Grapevine,TX
Al Serra Auto Plaza,Grand Blanc,MI
Rusnak/Pasadena,Pasadena,CA
Braman Motors,Miami,FL
Crevier BMW/MINI,Santa Ana,CA
Rusnak/Westlake,Thousand Oaks,CA
Jim Koons - Tysons GM/Chrysler,Vienna,VA
Rick Case Automall Davie,Davie,FL
Courtesy Chevrolet - Phoenix,Phoenix,AZ
Jim Koons - Tyson‰Û¡ÌÝå»s Toyota,Vienna,VA
Al Hendrickson Toyota,Coconut Creek,FL
Rick Case Honda,Davie,FL
Findlay Toyota,Henderson,NV
Ray Catena Motor Car,Edison,NJ
"Brickell Honda, Buick, GMC & Mazda",Miami,FL
BMW/MINI of San Diego,San Diego,CA
Rick Case Mazda Hyundai Kia and Audi,Duluth,GA
Herb Chambers Lexus,Sharon,MA
BMW/MINI of Austin,Austin,TX
Downtown LA Motors Mercedes,Los Angeles,CA
Warren Henry Jaguar/Land Rover North Dade,Miami,FL
United BMW Gwinnett,Duluth,GA
South Bay Ford Lincoln,Hawthorne,CA
Motorwerks BMW/MINI,Bloomington,MN
"Fitzgerald Auto Mall - Gaithersburg, MD",Gaithersburg,MD
Hudson Toyota Scion,Jersey City,NJ
"Michael Cadillac, Inc.",Fresno,CA
Universal Toyota,San Antonio,TX
BMW/MINI North Scottsdale,Phoenix,AZ
Red McCombs Ford,San Antonio,TX
United BMW Roswell,Roswell,GA
Rick Case Acura Hyundai,Ft. Lauderdale,FL
Audi Beverly Hills,Beverly Hills,CA
Hendrick BMW,Charlotte,NC
Toyota of Pharr,Pharr,TX
Braman Honda,Miami,FL
Herb Chambers BMW/Mini of Boston,Boston,MA
Big Two Toyota of Chandler,Chandler,AZ
Rick Hendrick Chevrolet,Duluth,GA
"Earnhardt‰Û¡ÌÝå»s Gilbert Dodge, Inc.",Gilbert,AZ
Gwinnett Place Honda,Duluth,GA
Bommarito Buick-GMC-Audi-Mazda-Infiniti,Ellisville,MO
Rusnak/Arcadia,Arcadia,CA
Fred Anderson Toyota,Raleigh,NC
Performance Automall,Chapel Hill,NC
Kuni BMW,Beaverton,OR
Audi Stevens Creek,San Jose,CA
Hendrick Honda,Charlotte,NC
Peoria Kia,Peoria,AZ
"Earnhardt Enterprises, Inc.",Mesa,AZ
Northside Ford,San Antonio,TX
Toyota Direct,Columbus,OH
Central Florida Toyota Scion,Orlando,FL
Atlanta Toyota Scion,Duluth,GA
Red McCombs Toyota,San Antonio,TX
"Criswell Chevrolet, Inc.",Gaithersburg,MD
Herb Chambers Flagship Motorcars,Lynnfield,MA
Mercedes-Benz SMART of San Diego,San Diego,CA
Rock Honda,Fontana,CA
Honda World,Westminster,CA
BMW of Pembroke Pines,Pembroke Pines,FL
Greenway Ford,Orlando,FL
Aristocrat Motors,Merriam,KS
Hendrick Lexus Charlotte,Charlotte,NC
Wilde Toyota,West Allis,WI
Mullinax Ford of Central Florida,Apopka,FL
McCombs Ford West,San Antonio,TX
Jim Koons - Baltimore Ford,Baltimore,MD
Toyota of Downtown LA,Los Angeles,CA
Larry H. Miller Chrysler Jeep Dodge Ram Sandy,Sandy,UT
Mercedes-Benz of Greenwich,Greenwich,CT
Hendrick Toyota Scion Apex,Apex,NC
Ray Catena Mercedes Benz of Union,Union,NJ
Lauderdale BMW of Ft. Lauderdale,Ft. Lauderdale,FL
Greenway Chrysler Jeep Dodge Ram,Orlando,FL
"Phil Long Ford of Denver, LLC",Denver,CO
Mercedes-Benz of Ontario,Ontario,CA
Lexus of Pleasanton,Pleasanton,CA
Peter Pan BMW,San Mateo,CA
Gillman Honda South,Houston,TX
Park Auto Group,Akron,OH
Fletcher Jones Imports,Las Vegas,NV
Puente Hills Toyota,City of Industry,CA
Wilde Honda,Waukesha,WI
Larry H. Miller Ford Lincoln Sandy,Sandy,UT
"Billy Navarre Chevrolet, Cadillac and Honda",Lake Charles,LA
Chapman BMW on Camelback,Phoenix,AZ
BMW of Tenafly,Tenafly,NJ
Piercey Toyota,Milpitas,CA
Herb Chambers Mercedes-Benz of Boston,Somerville,MA
Mercedes-Benz of Chicago,Chicago,IL
Findlay Chevrolet,Las Vegas,NV
Fletcher Jones Motorcars of Fremont,Fremont,CA
BMW of Mt. Laurel,Mt. Laurel,NJ
Round Rock Toyota Scion,Round Rock,TX
Bob Baker Chrysler Jeep Dodge Mazda,Carlsbad,CA
Kuni Lexus of Portland,Portland,OR
Rightway Automotive Credit,Saginaw,MI
Ed Morse Sawgrass Auto Mall,Sunrise,FL
East Bay BMW,Pleasanton,CA
Ray Catena Lexus of Freehold,Freehold,NJ
Capitol Toyota,San Jose,CA
Honda Marysville,Marysville,OH
Jim Koons - Sterling Ford,Sterling,VA
Wilde Lexus of Sarasota,Sarasota,FL
Zeigler Chrysler Dodge Jeep - Schaumburg,Schaumburg,IL
Larry H. Miller Dodge Ram Avondale,Avondale,AZ
Coral Springs Honda,Coral Springs,FL
Hendrick Toyota Scion Wilmington,Wilmington,NC
Honda of Concord,Concord,NC
Serra Buick-GMC-Cadillac-KIA - Romeo,Washington,MI
Chapman BMW I-10,Chandler,AZ
Fox Ford Mazda,Grand Rapids,MI
Fred Anderson Toyota of Charleston,Charleston,SC
Penske Honda,Indianapolis,IN
Ray Catena BMW/Mini,White Plains,NY
Audi Tysons Corner,Vienna,VA
Darrell Waltrip Honda Volvo Subaru,Franklin,TN
Mercedes-Benz SMART of Tysons Corner,Vienna,VA
Jeff Gordon Chevrolet,Wilmington,NC
Chapman Chevrolet LLC,Tempe,AZ
Palm Beach Toyota/Scion,West Palm Beach,FL
Larry H. Miller American Toyota Scion Albuquerque,Albuquerque,NM
Don Davis Nissan,Arlington,TX
Schaumburg Honda Automobiles,Schaumburg,IL
Don Davis Dodge Chrysler Jeep,Arlington,TX
Jim Koons - White Marsh,White Marsh,MD
Lexus San Diego,San Diego,CA
Honda World Downey,Downey,CA
Earnhardt Ford Sales Co.,Chandler,AZ
Braman Honda of Palm Beach,Greenacres,FL
Larry H. Miller Toyota Scion Peoria,Peoria,AZ
Larry H. Miller Dodge Ram Peoria,Peoria,AZ
Herb Chambers BMW of Sudbury,Sudbury,MA
Rick Hendrick Toyota Scion,Fayetteville,NC
Larry H. Miller Lexus Murray/Lindon,Murray,UT
Honda Cars of McKinney,McKinney,TX
Rick Hendrick Imports,Charleston,SC
Wolfchase Toyota Scion,Cordova,TN
Porsche North Scottsdale,Phoenix,AZ
Herb Chambers Audi Porsche of Burlington,Burlington,MA
Serra Chevrolet-Buick-GMC - Nashville,Madison,TN
"Fitzgerald Auto Mall - Frederick, MD",Frederick,MD
"Cardinale GMC, Nissan - Audi of Monterey",Seaside,CA
Hoover Toyota,Hoover,AL
CardinaleWay Hyundai - Genesis - Volkswagen,Corona,CA
Larry H. Miller Dodge RAM Tucson,Tucson,AZ
Hendrick Chevrolet,Cary,NC
Audi San Diego,San Diego,CA
Jim Koons - Silver Spring Ford/Lincoln/Mazda,Silver Spring,MD
BMW of Murrieta,Murrieta,CA
Kuni Lexus of Greenwood Village,Greenwood Village,CO
Ray Catena Lexus of Monmouth,Oakhurst,NJ
Ourisman Toyota Chantilly,Chantilly,VA
East Madison Toyota,Madison,WI
Round Rock Honda,Round Rock,TX
Rick Hendrick Chevrolet of Buford,Buford,GA
Taylor Chevrolet,Taylor,MI
Chapman Honda,Tucson,AZ
Wilde Chrysler Jeep Dodge Subaru,Waukesha,WI
Mercedes-Benz of Littleton,Littleton,CO
Huffines Chrysler Jeep Dodge Ram Lewisville,Lewisville,TX
Jaguar North Scottsdale,Phoenix,AZ
Serra Traverse City,Traverse City,MI
Jack Maxton Chevrolet,Worthington,OH
Jim Koons - Falls Church Ford,Falls Church,VA
Findlay Honda Henderson,Henderson,NV
Prestige Imports,Lakewood,CO
Elmore Toyota,Westminster,CA
Larry H. Miller Chrysler Jeep Dodge Ram Boise,Boise,ID
Georgetown Mac Haik Dodge Chrysler Jeep,Georgetown,TX
Mullinax Ford of Lake Park,Lake Park,FL
Hendrick Toyota Scion Concord,Concord,NC
Ed Morse Delray Toyota,Delray Beach,FL
Rick Hendrick City Chevrolet,Charlotte,NC
Herb Chambers Toyota Hyundai Scion of Auburn,Auburn,MA
Kings Honda,Cincinnati,OH
Rick Hendrick Toyota Sandy Springs,Atlanta,GA
Landmark Ford Lincoln,Tigard,OR
Ray Catena Jaguar/Land Rover,Edison,NJ
Chapman‰Û¡ÌÝå»s Las Vegas Dodge LLC,Las Vegas,NV
Larry H. Miller Toyota Scion Murray,Murray,UT
Herb Chambers Mercedes-Benz of Natick,Natick,MA
Toyota Place,Garden Grove,CA
Fletcher Jones Audi,Chicago,IL
Jim Koons - Annapolis Toyota,Annapolis,MD
Hendrick Toyota Scion North Charleston,North Charleston,SC
Honda Mall of Georgia,Buford,GA
Audi Palo Alto,Palo Alto,CA
Mike Shaw Toyota,Corpus Christi,TX
Larry H. Miller Toyota Scion Lexus Spokane,Spokane,WA
Harold Zeigler Lincoln BMW Chrysler Honda,Kalamazoo,MI
Hendrick Lexus Kansas City,Merriam,KS
Mile High Honda Acura,Denver,CO
Nissan of Downtown LA,Los Angeles,CA
Capitol Honda,San Jose,CA
Land Rover South Dade,Miami,FL
Hendrick Buick GMC Cadillac,Cary,NC
Tempe Honda,Tempe,AZ
Holman Toyota,Mt. Laurel,NJ
Porsche of Downtown LA,Los Angeles,CA
BMW/MINI of Ontario,Ontario,CA
CardinaleWay Mazda - Arizona,Mesa,AZ
Serra Chevrolet-Cadillac-Buick-GMC-KIA - Jackson,Jackson,TN
Coral Springs Nissan,Coral Springs,FL
Mullinax Ford Mobile Alabama,Mobile,AL
Larry H. Miller Chrysler Dodge Jeep Ram 104th,Thornton,CO
Gillman Chrysler Jeep Dodge South,Houston,TX
Larry H. Miller Ford Lakewood,Lakewood,CO
Audi West Palm Beach,West Palm Beach,FL
Mercedes-Benz of Honolulu,Honolulu,HI
Hendrick Chrysler Dodge Jeep Ram of Concord,Concord,NC
Larry H. Miller Super Ford Salt Lake City,Salt Lake City,UT
Rick Hendrick Chevrolet Buick GMC,Richmond,VA
Larry H. Miller Liberty Toyota Scion,Colorado Springs,CO
Phil Long Ford LLC,Colorado Springs,CO
Arlington Lexus in Palatine,Palatine,IL
Mercedes-Benz of Temecula,Temecula,CA
Northridge Toyota / Scion,Northridge,CA
Fitzgerald Auto Mall - Clearwater,Clearwater,FL
Herb Chambers Honda of Seekonk,Seekonk,MA
Honda of Turnersville,Turnersville,NJ
Hendrick Chevrolet,Hoover,AL
Hendrick Motors of Charlotte,Charlotte,NC
Hendrick Toyota Scion Merriam,Merriam,KS
Gateway Toyota Scion,Toms River,NJ
Audi of Downtown LA,Los Angeles,CA
Performance Toyota,Fairfield,OH
Audi North Scottsdale,Phoenix,AZ
BMW / MINI of Warwick,Warwick,RI
Hendrick Lexus Northlake,Charlotte,NC
"Gordon Chevrolet, Inc.",Garden City,MI
Chapman Scottsdale Autoplex LLC,Scottsdale,AZ
Ray Catena Lexus of Larchmont,Larchmont,NY
Bommarito Ford,Hazelwood,MO
Gillman Honda of San Antonio,Schertz,TX
Larry H. Miller Toyota Scion Corona,Corona,CA
Honda of Spring,Houston,TX
Lexus of Edison,Edison,NJ
Land Rover San Diego,San Diego,CA
Voss Chevrolet,Centerville,OH
Fitzgerald Auto Mall - White Flint,Rockville,MD
Hendrick Chevrolet Buick GMC Cadillac Southpoint,Durham,NC
Landers Chrysler Jeep Dodge,Benton,AR
Porsche of West Broward,Davie,FL
Allen Toyota Scion Hyundai,Gulfport,MS
Jim Koons - Koons of Catonsville,Baltimore,MD
Mercedes-Benz of Chantilly,Chantilly,VA
Audi Pembroke Pines,Pembroke Pines,FL
"Earnhardt Avondale, Inc.",Avondale,AZ
Jimmie Johnson Chevrolet,San Diego,CA
Holman Ford/Lincoln,Maple Shade,NJ
Hendrick Lexus Charleston,Charleston,SC
Huffines Chevrolet Lewisville,Lewisville,TX
Jim Koons - Westminster Toyota,Westminster,MD
Jim Koons Arlington Toyota,Arlington,VA
Gold Coast Cadillac,Oakhurst,NJ
Kearny Mesa Toyota Scion,San Diego,CA
Toyota/Scion of Fayetteville,Fayetteville,AR
Herb Chambers Honda Infiniti of Boston,Boston,MA
Herb Chambers Honda Infiniti,Boston,MA
Serra Chevrolet - Southfield,Southfield,MI
Larry H. Miller Chevrolet Murray,Murray,UT
Ourisman Honda Bethesda,Bethesda,MD
Ourisman Toyota Fairfax,Fairfax,VA
Kuni Honda,Centennial,CO
Rick Hendrick Chevrolet,Charleston,SC
Criswell Chrysler Jeep Dodge,Gaithersburg,MD
Jaguar Land Rover-Anaheim Hills,Anaheim,CA
Jim Koons - Lexus of Wilmington,Wilmington,DE
Audi South Coast,Santa Ana,CA
Mercedes-Benz smart of Fairfield,Fairfield,CT
Don Davis Ford Lincoln,Arlington,TX
Bianchi Honda,Erie,PA
Ray Huffines Chevrolet,Plano,TX
Herb Chambers Land Rover Sudbury,Sudbury,MA
Hendrick Chevrolet Shawnee Mission,Merriam,KS
Sweeney Buick GMC,Youngstown,OH
Delta Imports,Grand Rapids,MI
Courtesy Chevrolet Center,San Diego,CA
Sweeney Chevrolet,Youngstown,OH
Huffines Chrysler Jeep Dodge Ram Plano,Plano,TX
Performance CJDR,Columbus,OH
Toyota of Clovis,Clovis,CA
Mercedes-Benz smart of Bedford,Bedford,OH
Larry H. Miller Chrysler Jeep Dodge Ram,Albuquerque,NM
Hendrick Honda Woodbridge,Woodbridge,VA
San Antonio Dodge Chrysler Jeep Ram,San Antonio,TX
Toyota Bountiful,Bountiful,UT
Chapman Chrysler Jeep LLC,Henderson,NV
Criswell Honda,Germantown,MD
Hendrick BMW Northlake,Charlotte,NC
Ray Catena MB Freehold,Freehold,NJ
Toyota Scion of Turnersville,Turnersville,NJ
Larry H. Miller Toyota Scion Boulder,Boulder,CO
Larry H. Miller Toyota Scion Albuquerque,Albuquerque,NM
Warren Henry Infiniti,Miami,FL
Larry H. Miller Chrysler Jeep Avondale,Avondale,AZ
Chapman Chevrolet Chandler LLC,Chandler,AZ
Performance Honda,Fairfield,OH
Fernandez Honda,San Antonio,TX
Hendrick Honda Hickory,Hickory,NC
Hendrick Honda Bradenton,Bradenton,FL
"Rodeo Ford, Inc.",Goodyear,AZ
Audi Chantilly,Chantilly,VA
Mike Shaw Subaru,Thornton,CO
Bommarito Cadillac-VW-Mazda,St. Peters,MO
Fox Grand Traverse,Traverse City,MI
Bommarito Chevrolet-Mazda,St. Louis County,MO
Phil Long Ford of Chapel Hills LLC,Colorado Springs,CO
Earnhardt Scottsdale Lexus,Phoenix,AZ
Lexus of Seattle,Lynnwood,WA
Mercedes-Benz of Henderson,Henderson,NV
Princeton BMW,Hamilton Township,NJ
Cardinale - Coast BMW Nissan,San Luis Obispo,CA
Honda of Rochester,Rochester,NY
Nissan of Union City,Union City,GA
Toyota/Scion of Bedford,Bedford,OH
Hendrick Honda Pompano Beach,Pompano Beach,FL
Lexus Bridgewater,Bound Brook,NJ
Rick Hendrick Chevrolet,Norfolk,VA
Honda North,Clovis,CA
Porsche San Diego,San Diego,CA
Pompano Ford Lincoln,Pompano Beach,FL
Dale Earnhardt Jr. Buick GMC Cadillac,Tallahassee,FL
Victory Honda of San Bruno,San Bruno,CA
Penske Chevrolet,Indianopolis,IN
Porsche of Beachwood,Beachwood,OH
Bommarito Nissan,Hazelwood,MO
Wilde Honda of Sarasota,Sarasota,FL
Bob Moore Ford,Oklahoma City,OK
Land Rover Denver,Littleton,CO
Fred Anderson Toyota of Columbia,West Columbia,SC
Herb Chambers Chrysler Jeep Dodge Fiat,Danvers,MA
CardinaleWay Acura - Mazda Las Vegas,Las Vegas,NV
Fort Wayne Toyota-Lexus-Kia,Fort Wayne,IN
Rick Hendrick Chevrolet Naples,Naples,FL
Wilde East Towne Honda,Madison,WI
Bommarito Honda,Hazelwood,MO
BMW of Greenwich,Greenwich,CT
"Ourisman Chevrolet Co, Inc.",Marlow Heights,MD
Ray Catena Infiniti,Edison,NJ
Frisco Chrysler Dodge Jeep Ram,Frisco,TX
Carson Nissan,Carson,CA
Zeigler Chrysler Dodge Jeep - Downers Grove,Downers Grove,IL
Audi of Fairfield,Fairfield,CT
Terry Labonte Chevrolet,Greensboro,NC
Earnhardt Cadillac,Scottsdale,AZ
Performance Lexus,Cincinnati,OH
Gillman Acura North,Houston,TX
Audi Boulder,Boulder,CO
Sunland Park Chrysler Dodge Jeep Ram,El Paso,TX
Mercedes-Benz of Chandler,Chandler,AZ
Holman Ford/Lincoln,Turnersville,NJ
Honda of Mentor,Mentor,OH
Herb Chambers Audi Brookline,Brookline,MA
Zeigler Chrysler Dodge Jeep - Grandville,Grandville,MI
Dale Earnhardt Jr. Chevrolet,Tallahassee,FL
Honda Cars of Rock Hill,Rock Hill,SC
Larry H. Miller Toyota Scion Colorado Springs,Colorado Springs,CO
Spring Branch Honda,Houston,TX
Herb Chambers Ford of Braintree,Braintree,MA
Hendrick Honda of Charleston,Charleston,SC
Jaguar Land Rover Monmouth,Ocean Township,NJ
Royal Palm Toyota Scion,Royal Palm Beach,FL
"Laird Noller Ford, Inc.",Topeka,KS
Kuni Chevrolet Cadillac,Sacramento,CA
Freedom Honda,Colorado Springs,CO
Performance Ford Bountiful,Bountiful,UT
Larry H. Miller Honda Boise,Boise,ID
Oakbrook Toyota-Scion in Westmont,Westmont,IL
Larry H. Miller Chrysler Jeep Dodge Ram Surprise,Surprise,AZ
Bob Baker Volkswagen/Subaru,Carlsbad,CA
Stockton #12 Honda,Sandy,UT
Felix Chevrolet,Los Angeles,CA
Hendrick Chrysler Dodge Jeep Ram,Hoover,AL
Herb Chambers Honda of Burlington,Burlington,MA
Ed Morse Honda,Riviera Beach,FL
Honda of El Cerrito,El Cerrito,CA
Ocean Honda Of Port Richey,Port Richey,FL
Ed Morse Cadillac - Tampa,Tampa,FL
Gillman Subaru Southwest,Houston,TX
Rick Hendrick Dodge Chrysler Jeep Ram,Charleston,SC
BMW of Mamaroneck,Mamaroneck,NY
Huffines Hyundai Plano,Plano,TX
Harold Zeigler Ford - Plainwell,Plainwell,MI
Community Toyota Scion,Baytown,TX
Mullinax Ford of Olympia,Olympia,WA
Larry H. Miller Honda Murray,Murray,UT
Ray Catena Audi Freehold,Freehold,NJ
Al Serra Chevrolet - South,Colorado Springs,CO
Zeigler BMW of Orland Park,Orland Park,IL
Niello Acura Roseville,Roseville,CA
Ocean Honda,Soquel,CA
Gordie Boucher Ford Lincoln Mazda of Janesville,Janesville,WI
Honda of Danbury,Danbury,CT
Rick Hendrick Jeep Chrysler Dodge Ram,Charleston,SC
Honda of Escondido,Escondido,CA
"Fitzgerald Auto Mall - Chambersburg, PA",Chambersburg,PA
Herb Chambers Honda of Westborough,Westborough,MA
Braman Hyundai,Miami,FL
Mercedes-Benz of Warwick,Warwick,RI
Mercedes-Benz of Northlake,Charlotte,NC
"Boucher Chevrolet, Inc.",Waukesha,WI
Huffines Kia Subaru,Corinth,TX
Mullinax Ford of New Smyrna Beach,New Smyrna Beach,FL
Niello Audi,Sacramento,CA
Zeigler Chrysler Dodge Jeep Plainwell,Plainwell,MI
Fred Anderson Nissan of Raleigh,Raleigh,NC
Larry H. Miller Chrysler Jeep Dodge Ram,Riverdale,UT
Braman Cadillac,Miami,FL
"Desert Hyundai, Inc.",Scottsdale,AZ
Zeigler Nissan Infiniti of Orland Park,Orland Park,IL
Larry H. Miller Subaru Boise,Boise,ID
Chapman Bell Road Imports LLC,Phoenix,AZ
Chevrolet/Cadillac of Turnersville,Turnersville,NJ
Audi Willow Grove,Willow Grove,PA
Chapman Mercedes Benz of Tucson,Tucson,AZ
Fox Ford Lincoln of Chicago,Chicago,IL
Porsche of Tysons Corner,Vienna,VA
"Nissan of South Atlanta, LLC",Morrow,GA
Niello BMW,Sacramento,CA
Larry H. Miller Nissan Highlands Ranch,Highlands Ranch,CO
Bob Moore Cadillac,Oklahoma City,OK
Bob Moore Audi,Okalahoma City,OK
Wilde Jaguar Maserati of Sarasota,Sarasota,FL
Bommarito Nissan West County,Ballwin,MO
Herb Chambers Chevrolet,Danvers,MA
Frontier Leasing & Sales,Coeur d‰Û¡ÌÝå»Alene,ID
Larry H. Miller Nissan Mesa,Mesa,AZ
Garber Buick,Saginaw,MI
Audi South Austin,Austin,TX
Airport Marina Ford,Los Angeles,CA
Rolls Royce Motorcars Ft. Lauderdale,Ft. Lauderdale,FL
"Earnhardt Buick GMC, Inc.",Mesa,AZ
Acura of Pleasanton,Pleasanton,CA
Sunrise Chevrolet,Glendale Heights,IL
Honda of Cleveland,Cleveland,TN
Hendrick Honda Easley,Easley,SC
Fox Honda,Grand Rapids,MI
Marina del Rey Toyota,Marina del Rey,CA
Fletcher Jones Honda,Chicago,IL
Ed Morse Delray Cadillac,Delray Beach,FL
Herb Chambers Toyota Scion of Boston,Boston,MA
Hendrick Acura,Charlotte,NC
Chapman Ford LLC,Scottsdale,AZ
Toyota of Santa Barbara,Goleta,CA
Fred Anderson Nissan of Asheville,Asheville,NC
Larry H. Miller Hyundai Peoria,Peoria,AZ
San Leandro Honda,San Leandro,CA
Toyota of Union City,Union City,GA
Delray Buick GMC,Delray Beach,FL
Phil Long Mercedes Benz LLC,Colorado Springs,CO
Holman Infiniti,Maple Shade,NJ
"San Tan Hyundai, Inc.",Gilbert,AZ
Toyota Of Cleveland,McDonald,TN
Mullinax Ford of Osceola County,Kississmee,FL
Cardinale Mazda-Volkswagen-HarleyDavidson,Salinas,CA
Ray Catena Porsche,Edison,NJ
Larry H. Miller Chrysler Jeep Tucson,Tucson,AZ
East Tennessee Dodge,Crossville,TN
Fitzgerald Auto Mall - Annapolis,Annapolis,MD
Hendrick Kia of Cary,Cary,NC
Merollis Chevrolet,Eastpointe,MI
Airport Marina Honda,Los Angeles,CA
Garber Chevrolet,Midland,MI
Barbour Hendrick Honda Greenville,Greenville,NC
Fred Anderson Nissan of Fayetteville,Fayetteville,NC
"Gordon Chevrolet, Inc.",Orange Park,FL
Bob Moore Infiniti,Oklahoma City,OK
Lexus Rivercenter,Covington,KY
Hendrick Chrysler Jeep,Fayetteville,NC
Mall of Georgia Mazda,Buford,GA
Honda of Annapolis,Annapolis,MD
Hendrick Honda Daytona,Daytona Beach,FL
Frank Boucher Chrysler Dodge Jeep VW,Janesville,WI
RiverTown Honda,Grandville,MI
BMW of Schererville,Schererville,IN
Red McCombs Hyundai,San Antonio,TX
Audi Northlake,Charlotte,NC
Cobb County Kia,Kennesaw,GA
Gillman Subaru North,Houston,TX
Ocean Honda of Ventura,Ventura,CA
Ed Morse Bayview Cadillac,Fort Lauderdale,FL
Al Serra Chevrolet VW - North,Colorado Springs,CO
Bob Moore Nissan,Norman,OK
Larry H. Miller Used Car Supermarket Sandy,Sandy,UT
Honda of Slidell,Slidell,LA
BMAG Luxury 1,Oklahoma City,OK
Courtesy CDJR of Orange County,San Juan Capistrano,CA
Acura of Concord,Concord,CA
Volkswagen of Downtown LA,Los Angeles,CA
Porsche of Fremont,Fremont,CA
Serra Chevrolet - Bartlett,Bartlett,TN
Folsom Lake CDJR,Folsom,CA
Hendrick Dodge,Cary,NC
Front Range Honda,Colorado Springs,CO